key,fixed_volume,n_landmarks,status,pub_rms,pub_max,lsq_rms,lsq_loo_rms
PHerc0009B/volumes/20250521125136-8.640um-1.2m-116keV-masked.zarr/transform.json,SCROLLS_HEL_2.401um_77keV_0.35m_PHerc_0009B_TA3_0001_masked,6,ok,9.43441719514157,17.685731436198388,9.434417195141766,78.64023742606956
PHerc0139/volumes/20250820105138-2.403um-0.2m-77keV-masked.zarr/transform.json,SCROLLS_HEL_4.681um_113keV_1.2m_binmean_2_PHerc_0139_TA_0001_masked,8,ok,2.704622494750574,5.153809099395357,2.7046224947504967,6.669208662523551
PHerc0139/volumes/20250822062710-2.403um-0.2m-77keV-masked.zarr/transform.json,SCROLLS_HEL_4.681um_113keV_1.2m_binmean_2_PHerc_0139_TA_0001_masked,7,ok,1.000290366399309,1.4107377148457598,1.00029036639968,3.2756707078442417
PHerc0139/volumes/20260102150214-2.399um-0.2m-78keV-masked.zarr/transform.json,SCROLLS_HEL_4.681um_113keV_1.2m_binmean_2_PHerc_0139_TA_0001_masked,14,ok,2.590413530256645,5.358546205967643,2.590413530256332,3.477471332264117
PHerc0139/volumes/20260413113053-1.129um-0.2m-59keV-masked.zarr/transform.json,SCROLLS_HEL_2.399um_78keV_0.22m_PHerc_0139_TA3_0001_masked,12,ok,1.1569093710099492,1.9546906302355174,1.1569093710100007,1.6785247989991674
PHerc0332/volumes/20251211183505-2.399um-0.2m-78keV-masked.zarr/transform.json,PHerc0332-20231117143551_masked,6,ok,13.03563452139648,16.9256767395706,13.035634521396512,128.80373873720401
PHerc0343P/volumes/20250521134555-8.640um-1.2m-116keV-masked.zarr/transform.json,SCROLLS_HEL_2.215um_0.4m_111keV_PHerc0343P_TA_0001_masked,5,ok,1.0459700741471547,1.6098969807986596,1.0459700741469373,17.80226809227922
PHerc0500P2/volumes/20250526151718-2.215um-0.4m-111keV-masked.zarr/transform.json,SCROLLS_HEL_4.681um_113keV_1.2m_binmean_2_PHerc_0500P2_HA_0001_masked,4,ok,4.5346657032448846e-12,5.229594535194337e-12,3.830082398035988e-12,
PHerc0500P2/volumes/20250528085330-4.317um-1.2m-111keV-masked.zarr/transform.json,2.215um_HEL_TA_0.4m_110keV_scroll-fragment_0500P2_TA_0001_masked,6,ok,3.0475946346044536,5.335910796086123,3.0475946346043914,23.07495584047062
PHerc0500P2/volumes/20250820143440-9.362um-1.2m-113keV-masked.zarr/transform.json,2.215um_HEL_TA_0.4m_110keV_scroll-fragment_0500P2_TA_0001_masked,4,ok,2.040290771599262e-11,2.5996279742605933e-11,7.682673532613584e-11,
PHerc0500P2/volumes/20250821110041-0.500um-masked.zarr/transform.json,2.215um_HEL_TA_0.4m_110keV_scroll-fragment_0500P2_TA_0001_masked,7,ok,4.1086888207476795,7.857097061913119,4.108688820747587,11.318036801024482
PHerc0500P2/volumes/20250821110041-0.550um-0.1m-65keV-masked.zarr/transform.json,2.215um_HEL_TA_0.4m_110keV_scroll-fragment_0500P2_TA_0001_masked,7,ok,4.1086888207476795,7.857097061913119,4.108688820747587,11.318036801024482
PHerc0814/volumes/20260521123630-1.129um-0.2m-59keV-masked.zarr/transform.json,SCROLLS_HEL_2.399um_78keV_0.22m_PHerc_0814_TA2_0001_masked,11,ok,1.0657583443101863,2.1704863473083957,1.0657583443102496,1.8045843144615508
PHerc1667/volumes/20251217075048-2.399um-0.2m-78keV-masked.zarr/transform.json,PHerc1667-20231117161658_masked,12,ok,6.780051883910555,14.893788844738742,6.780051883910567,9.675263392430741
PHerc1667/volumes/20260323082859-1.129um-0.2m-59keV-masked.zarr/transform-to-7.91-20231117161658.json,PHerc1667-20231117161658_masked,18,ok,0.5820344456062923,1.0557721965848694,0.5820344456062492,0.7698160967779194
PHerc1667/volumes/20260323082859-1.129um-0.2m-59keV-masked.zarr/transform.json,SCROLLS_HEL_2.399um_78keV_0.22m_PHerc_1667_TA_0001_masked,6,ok,51.38586040987774,88.57375222996492,0.9258791722328044,2.7335569894308325
PHercMANBp/volumes/20260427100434-1.129um-0.2m-59keV-masked.zarr/transform.json,SCROLLS_HEL_2.399um_78keV_0.22m_PHerc_MANBp_bis_TA_0001_masked,15,ok,3.597637088534607,7.405881531139727,3.5976370885345372,4.774261852106158
PHercParis3/volumes/20260427095331-2.400um-0.2m-78keV-masked.zarr/transform.json,54keV_7.91um_Scroll2A,14,ok,2.607052089571114,3.854316873884988,2.6070520895713676,4.378484610753532
PHercParis4/volumes/20260310170716-45.532um-11.0m-74keV-masked.zarr/transform.json,PHerc4Paris-20230205180739_masked,15,ok,65.53066549392113,125.69018128190187,62.404071342150665,82.3966036142916
PHercParis4/volumes/20260323153942-2.400um-0.2m-137keV-masked.zarr/transform.json,PHercParis4-20230205180739_masked,13,ok,0.7603808939770457,1.114258052333298,0.7603808939770825,1.1241279840014655
PHercParis4/volumes/20260411134726-2.400um-0.2m-78keV-masked.zarr/transform.json,PHercParis4-20230205180739_masked,24,ok,2.4540901305866134,6.439737279042922,2.454090130586432,2.986593319141325
PHercParis4/volumes/20260608103018-1.129um-0.2m-78keV-masked.zarr/transform.json,2.4um_PHerc-Paris4_masked,16,ok,1.2234627420546564,1.8768299158099997,1.2234627420552908,1.7065920461139212
